path	size_bytes	sha256
.env.example	333	9e67c6761169f9c07068a23c48faa6b7bfee6c0e0614ee46aa17b4bd3561deec
.gitignore	317	b7962b743ef82156d543830cc47c48d6e77956bc84c24e4352bcbe7dd14cbbf1
LICENSE	1076	a10fbf165fccdb066bc6bfdf2db13ae61f78ffcaf3932ea725d5231b0528bcef
README.md	7138	e05e09eb01dd8dd6c55d131abb6e2276bb9af7f64ef828056106dd9b1712f2e0
VERSION	6	59854984853104df5c353e2f681a15fc7924742f9a2e468c29af248dce45ce03
config/README.md	490	cdafe4c2a268d2ea438e8cd826837961fca22a341e79a8283bcc7743843bfec3
config/cellmarkerdb_sensitivity_config.tsv	736	9add7559937c89669ba1a25751c9a60fae12a1b20925b4edc572526c64a82d48
config/cl_mapper_prompts.R	6049	86388425eed2b692dac07b47028b638ab206781be8073ac1a00f0f96c98aa4cb
config/cl_normalizer.R	23166	84497df7a41d64d77150c680eb89e77639b1fcf2317083da155c6cb703ed2c03
config/dataset_config.R	13096	80b4a5fd813381f0c4000ebb0a9c864aa125f0ade405cd8ec2ed6f9a912ef4b9
config/env.R	2186	9f86f630177b4f55ad39b3fafcbf9c52371d35c8b99c1658935f909edb42a26e
config/evidence_mapping_runs.tsv	157	dd42b47c76209c58eb8697619760c39eaf197fcfa31d08842730633253bcf1b1
config/model_run_provenance.tsv	283	21b1548111b5dbd6575c8c330f0ecd0b5232343276f9fc7213d651a6962c95f5
config/primary_adjudication_profile.tsv	966	76b22c128af8537ab071102329eda4220bdd06438093851b8f45631ea1ce9412
data/cl_linker/manual_mapping_gold.tsv	14717	6d4bc65a0e89507f90088c6dc295407d28d240e2e7574f89770afea22c0830ea
data/cl_linker/mapping_comparator_predictions.tsv	6743	9fc045c647f3d41db6a39dc6d9c58001d5aaa7f492a98ca6ad0f306ec43ec070
data/cl_linker/publication_direct_mapping_summary.tsv	226	f8797f65201f05c81374daff95f7da0797bd33f76d2a2d80e4f3ccccd0acb321
data/cl_linker/publication_operational_summary.tsv	294	880bb5ea6aee73d9b8477814166cde8ec0391d63ab8a3403e04ca4ed13a0cb46
data/cl_linker/publication_paired_comparisons.tsv	744	7362eee1dc2ec764f66bdc0c3b2a8064e1234c2a60328f974c0337c6a59c9670
data/primary/Census_immune/evaluation/cluster_map.csv	568	470f40f5939ec745b949aecfba0cde00fdf69d809a865fa38a02afea5f34f96b
data/primary/Census_immune/evaluation/reference_cl.tsv	1171	dd4f168ebde325c2d7911e62057dd4f17c9fc3918524c0eb57a60614f8d7e3b8
data/primary/Census_immune/evaluation/true_label.csv	444	aa9ad7746bb95ef3ecb9d24713c8bbd82abab24cf13727c955dcaf2ae7d905bf
data/primary/Census_immune/final/cluster_1.json	4305	abf342ca4ef257e605a54a65c58b3d70af31678550837d2fac9ee1c4cf9fd606
data/primary/Census_immune/final/cluster_10.json	4088	a4e50acafc212291ccc99b98bf7a4311c17ff22f7051f35a653f5db4e383384c
data/primary/Census_immune/final/cluster_11.json	4894	7f52fee2a22d63e57f93d181b501514b8b7e987be67e83043e90207299e22fc6
data/primary/Census_immune/final/cluster_12.json	4937	7e2e6136ec577ece65f1baabf5e5cbc4ef19340692b18d6342a539b3dbd5c4e3
data/primary/Census_immune/final/cluster_13.json	4835	616cd7f1111f13b221c08e041198beea868b4b7a86ebf60aa3463bf38a6d3dc2
data/primary/Census_immune/final/cluster_14.json	5083	36eb0c8fc23a658260f982490d6c5ab5d47c04950597946ef1fc98b3cb6bef9d
data/primary/Census_immune/final/cluster_15.json	4331	5096945526f84622be3044cd9e032b5aee7bc9d0f9738ec1aefb467a47b4e118
data/primary/Census_immune/final/cluster_16.json	4342	882724096a7ce0f22218041571ef5028befa12dd2320d1ca1dd9de86e676e539
data/primary/Census_immune/final/cluster_2.json	4215	a33e05d0e3aa2b2f203df6a6fb69be0e4cc86a1ec4f88a9ac0be84ebd414ee71
data/primary/Census_immune/final/cluster_3.json	4375	18bbd35e922490eb493731028904d8d5a383a2ff4e90275b3e690950e07d9a66
data/primary/Census_immune/final/cluster_4.json	4678	1b87475a87bdd04cafbe6c1bd355134e50f2db82236ac409f52cd7dd9ecf7cd7
data/primary/Census_immune/final/cluster_5.json	6049	75e6b410da3463ae7131e7adadf70de7c48adabad3104b7fb80dd56e11b04c48
data/primary/Census_immune/final/cluster_6.json	4007	5cd6ed38daa24e47cb5b3265a3ed2e02b0f45af7ee7ba968499bd64863f993f8
data/primary/Census_immune/final/cluster_7.json	4624	6277b3f37e15f75eb5fa53fd9f7c858b0cfad71040dcb4e4db2c73e6278c4fc3
data/primary/Census_immune/final/cluster_8.json	4747	d5e515f14fc88de9391e846dfcbfe0b5a934fc109451823bc997f2834dcb4010
data/primary/Census_immune/final/cluster_9.json	4017	d453bf789905d3e985ede8afdaee30bf24009a29c7bd818f0c04bc612aa8a619
data/primary/Census_immune/handling_editor_round1_inputs/cluster_10_round1.json	66467	3ced1f1f2a9b672ce0d74dcc2b98bd9a5d3d20fd51e497b0e257f4291175645b
data/primary/Census_immune/handling_editor_round1_inputs/cluster_11_round1.json	73466	30395038403929d42a473d671a0ef37e2dff3fa9874d42bd95f6bab3307a153e
data/primary/Census_immune/handling_editor_round1_inputs/cluster_12_round1.json	62666	553003466a4b4c630d3491918ccd9487c650413b055adfadf14aa24fb6f25130
data/primary/Census_immune/handling_editor_round1_inputs/cluster_13_round1.json	64314	6c20fee3c2690054d703c8f6ad68310833e5d0fbadd3efe3e7247d4a4e423ce7
data/primary/Census_immune/handling_editor_round1_inputs/cluster_14_round1.json	66793	181ee14b0aeae5916b40f1c06602ea68fa2cb1b864169afcae22fef339681edd
data/primary/Census_immune/handling_editor_round1_inputs/cluster_15_round1.json	63358	9eaa63f998f7847be1e72b23771a1c09d9c91c46b8f55a4a6a8bb1cc2409b723
data/primary/Census_immune/handling_editor_round1_inputs/cluster_16_round1.json	60313	65d794a40d805cf6e1b7f2c01e5464f07181e5a9cf0b05d2b7fd0a5aa4ad7dd0
data/primary/Census_immune/handling_editor_round1_inputs/cluster_1_round1.json	65239	ba17b6473b0cc841f810782606c7f7708fefd801bab0d5613dc64e4bcb9e8139
data/primary/Census_immune/handling_editor_round1_inputs/cluster_2_round1.json	67132	63c1c168f5742ca8976789993eb806003ca19076ef5a808bf3026e3025b7a0ac
data/primary/Census_immune/handling_editor_round1_inputs/cluster_3_round1.json	66281	35e687220c7d4eadccb133b500b8e9f0c6ec8984ca3789a24c49200d0969dd6e
data/primary/Census_immune/handling_editor_round1_inputs/cluster_4_round1.json	79160	9c61ea81146564b4a0db2c1853aa9b641ec0537b8997b229f1eebae2e9a9b884
data/primary/Census_immune/handling_editor_round1_inputs/cluster_5_round1.json	70771	a829001134e7fa397f128a2e67c1283fad08215f6392ae0a36d22f2fbe7435b7
data/primary/Census_immune/handling_editor_round1_inputs/cluster_6_round1.json	66812	732a75e770428c2ef7a2b33f38144a0bb70591627364d5801c6444e2b5998de7
data/primary/Census_immune/handling_editor_round1_inputs/cluster_7_round1.json	65652	c93f1aae4e3cda24937c322fd3868551aad8f76f556a53fbed522419d27dc10d
data/primary/Census_immune/handling_editor_round1_inputs/cluster_8_round1.json	58305	14bd6a6b987831b5458c023fac905e109ceef0ec8d7527a71d08aef15766bc2b
data/primary/Census_immune/handling_editor_round1_inputs/cluster_9_round1.json	72278	86297d9222f28b4bf5b4c3cd1b8eca942899f0d12fc8d701f9e4ad3224b6b7d8
data/primary/Census_immune/model_inputs/maskdeg.csv	81577	6137a49c217fbae43266001d1746ca7d696e97ac33cc04a05082c0ac72bc5dae
data/primary/README.md	705	3c5d084563f1165fe5ef996263f5ce1956c571f9b1d63a8902d554a9df7d7400
data/primary/Sikkema_lung/evaluation/cluster_map.csv	299	f8088bb4557ff165a110dc0aae34124077598d73fb94308e6098600813d84a98
data/primary/Sikkema_lung/evaluation/reference_cl.tsv	641	a99c7070fe32f7c073f6697ec789db7fd560d0c9975060bc832bc0f6cb06bb70
data/primary/Sikkema_lung/evaluation/true_label.csv	215	7404a3b3c2ed436867d88f9eb2c12e982cd70f788db3147b9d124dda5288dae3
data/primary/Sikkema_lung/final/cluster_1.json	4342	4073f2a1bd797b0daa3fc8a51cb0fee0b5a0f8588fbfc24c7ddd9296e529afec
data/primary/Sikkema_lung/final/cluster_10.json	4697	2eac2e13da6c48a1ad6c5abfb090022ef332fa27da27e153a5b9f8c74a715a09
data/primary/Sikkema_lung/final/cluster_11.json	4572	984a29fb2e71b4056d674838323a05310a4531f7f785b676408320aa4964fe2c
data/primary/Sikkema_lung/final/cluster_2.json	4086	5f647d3afe3da387257dd2fcbcc098a55d2f2a602ab4043b627cd5c24e3ab100
data/primary/Sikkema_lung/final/cluster_3.json	5061	9c87f26af2f4bc547b2e47a9031b0a82c783f7caedfc547ec9d699f73976790e
data/primary/Sikkema_lung/final/cluster_4.json	4680	6b054500c18574682d336a8e23b465fd9fe9cf4330204e4cb1c68f55eacf2aeb
data/primary/Sikkema_lung/final/cluster_5.json	4782	d78e40da583d1b3adb4013818baaadd4064c2fd05087bec72176c6589b1881c4
data/primary/Sikkema_lung/final/cluster_6.json	4063	a9de428b0a0b24acdcb751735eed99d23c5b1109f861c82dd01be0b2e077f924
data/primary/Sikkema_lung/final/cluster_7.json	4252	395d72770d49d3d800f423976dce1d9ff0772ca96a3a09950fec813427c07f0e
data/primary/Sikkema_lung/final/cluster_8.json	4530	de37461bbf7c7087e23bccd52350be70a0cd9f4b06c60de0043c1af64553e8e7
data/primary/Sikkema_lung/final/cluster_9.json	3911	bc18694babb61fb56286b3f26c2e19d18023d9148d643006b824039d296166c4
data/primary/Sikkema_lung/handling_editor_round1_inputs/cluster_10_round1.json	62354	525c14f8868b903a757405f320f6cbed57578f808b4cd89f801f11909d195908
data/primary/Sikkema_lung/handling_editor_round1_inputs/cluster_11_round1.json	56940	ba0a18813d3226502ddf1a2e9c3037ae39b69e3723a7bdd5f8945d722a88bfa3
data/primary/Sikkema_lung/handling_editor_round1_inputs/cluster_1_round1.json	59603	de26688b62b67bc9b7d16799a13772ac5422a9f8eabd950890086fbc81d9b3e2
data/primary/Sikkema_lung/handling_editor_round1_inputs/cluster_2_round1.json	65035	039f67edd0263caf8c125dc81e88d8a7c5f65ca6ee75bbbda99ce74b5539fff0
data/primary/Sikkema_lung/handling_editor_round1_inputs/cluster_3_round1.json	63202	94949e14cf8385c5df726dc7aa2e495608c0da38513276fea2c6453b67326251
data/primary/Sikkema_lung/handling_editor_round1_inputs/cluster_4_round1.json	71398	d62733145e75d6e2b8bfe086f7ff3d4148ee63de0886b1a39fc39394f311c975
data/primary/Sikkema_lung/handling_editor_round1_inputs/cluster_5_round1.json	56264	33d4ef3b135abd742fe4caea5f47dd64ee8bd71fbc5d217874bbcbd8ec5d67e4
data/primary/Sikkema_lung/handling_editor_round1_inputs/cluster_6_round1.json	51150	63b6ecc9352ef6b6c99e228310aff7b6ea3c7da2211e299a2ccfffe0c1dc0735
data/primary/Sikkema_lung/handling_editor_round1_inputs/cluster_7_round1.json	64828	edb51389d88282bb4f45cbea21021c4a34a0d9c0c51952aa613dea2d7577b737
data/primary/Sikkema_lung/handling_editor_round1_inputs/cluster_8_round1.json	63156	4b29c5940b2e6b83bf2ee0c1f7be0e27bea96e3691e2c918077d96465b5c40cb
data/primary/Sikkema_lung/handling_editor_round1_inputs/cluster_9_round1.json	54999	e8c1d4add833398a4fdc8473925ad987d66e684fb54f6f188c06e2fc43c0b563
data/primary/Sikkema_lung/model_inputs/maskdeg.csv	62224	92f6870c1e93c717a44ef0ac01dbb110f9bb37a37ab1e00b5b662570e4ed010b
data/primary/TS_kidney/evaluation/cluster_map.csv	136	896aeabf108844056e782170dd1ed2a7dfd0be9ef8a5b33c94237187c0b46028
data/primary/TS_kidney/evaluation/reference_cl.tsv	306	a0f1d04437f08ac82bc900730bb889387923e526a3bf28c525c1f7d62726d1ee
data/primary/TS_kidney/evaluation/true_label.csv	108	783aba30495ed3f15d1c86c50124ea6cf62fda3a34b0ea762d7d7b4f32f9ed55
data/primary/TS_kidney/final/cluster_1.json	4281	49512b04ca1a361fe67ca50005e5040b4559453e671c2fb830e5dfcb97622de3
data/primary/TS_kidney/final/cluster_2.json	3975	e7d7ddb165b77225877a29f0058214720e2760c0aaa86687c835ef395b178eb4
data/primary/TS_kidney/final/cluster_3.json	4292	daa5e64f58519ef8357434751c0e9c9fa1cc9198d88385c2702650d9ae47eea8
data/primary/TS_kidney/final/cluster_4.json	5140	ed9fe69effec0755e5db1bb9421843e130c6fa0f7b0c2bbab210640ce01d30d6
data/primary/TS_kidney/handling_editor_round1_inputs/cluster_1_round1.json	60217	a6160ac4409cef1db939be9955fb90ee2d08a7c640e3df3ad89d0e3f0999a35a
data/primary/TS_kidney/handling_editor_round1_inputs/cluster_2_round1.json	55147	38afd68ed2811ea58146d6828556f278798cacbfc5e1ed1a2a049f39e05b710d
data/primary/TS_kidney/handling_editor_round1_inputs/cluster_3_round1.json	65059	065e0ca98574c3c33477f0dd303d9bf3ab28711be2f4276a902d959636ae3f0a
data/primary/TS_kidney/handling_editor_round1_inputs/cluster_4_round1.json	68936	64c07848eff97f0ed941ed53c71ec0f52339c16a58a66b6fa02fc7e7d6b4a1c9
data/primary/TS_kidney/model_inputs/maskdeg.csv	21741	986bf89cb7801fe776dce4cae627781a43185adf04389a443e5130481c9623ec
data/primary/TS_pancreas/evaluation/cluster_map.csv	315	606b999ad03078eb65dbe77d7baa92330150846bd3660b7b62313db3ab6e710b
data/primary/TS_pancreas/evaluation/reference_cl.tsv	669	871da42691aa594b83ef3e8841818ac42d8f785bafd6f7239242b883aa51db06
data/primary/TS_pancreas/evaluation/true_label.csv	239	e6cd91bdb4bca43603327628980995961f8454f353d306fa3c4b4f1b853f0566
data/primary/TS_pancreas/final/cluster_1.json	4114	8824a36babca08e490b41e370eb4511db2399f4caa6f452710ab85e8a3e5f4d1
data/primary/TS_pancreas/final/cluster_10.json	4564	fbe90e8d2b757490dcb0c58d4489e469c5d444e1de05b8b6f2a6ea3994d775b4
data/primary/TS_pancreas/final/cluster_2.json	4873	acfc028cce725ef4ac594d1dceb610588a8bda3f52547a08ec807cbc3b54b485
data/primary/TS_pancreas/final/cluster_3.json	5031	2af9ea03470f8bbc81c3bb2673b6438ccf1e077b6adca6e8fce0292ddd8d52ef
data/primary/TS_pancreas/final/cluster_4.json	4495	61d9a7fd7352e1e39ae773c96600a50d5eea174be17ebaea413aec80360c8a64
data/primary/TS_pancreas/final/cluster_5.json	4491	1e0bd06868065730ecf6c14b02cd4ad66bc3e7ea7f5544af4aa2b3ea40b607c0
data/primary/TS_pancreas/final/cluster_6.json	4037	572b8356afce20f63aed8c69353e2fb2336f60cba9496ba98639fa7321561e0c
data/primary/TS_pancreas/final/cluster_7.json	4109	96924b9816664e0e0e4fb65e480f9498132525e3a73e9a0cb65bc1aa8539c9c2
data/primary/TS_pancreas/final/cluster_8.json	3908	f0f53d15709b19e78a807310015879362fb545c37654d076d94318cdd84e294a
data/primary/TS_pancreas/final/cluster_9.json	4286	201ae4ba3a740f68594d6c408f4ccc409b533b9b4327550bc05f4b9da53c8a0c
data/primary/TS_pancreas/handling_editor_round1_inputs/cluster_10_round1.json	54708	542dba11f8198722397b64680c8992b170b7dbec20318d8447c3b76edf09f401
data/primary/TS_pancreas/handling_editor_round1_inputs/cluster_1_round1.json	59834	1a8e4d93200fafdb13183c8a83e3e24706ed18dd0a2c7b9eafae0b8acf0079b3
data/primary/TS_pancreas/handling_editor_round1_inputs/cluster_2_round1.json	54843	353e3f8d5955b37ed19984c5b95b6205de006326344a590d3b69bba4750ea05c
data/primary/TS_pancreas/handling_editor_round1_inputs/cluster_3_round1.json	67185	bb094c893190aa4521d8d6b546cc641334c2eadb269eac877f4f690ceb2ee47c
data/primary/TS_pancreas/handling_editor_round1_inputs/cluster_4_round1.json	59785	18f0a3907b70240b01d3a1731dc060ff3b2637f7a92e1618253f90368fe13c3f
data/primary/TS_pancreas/handling_editor_round1_inputs/cluster_5_round1.json	52260	d3e3791cc3ebe1ddd862e17524e42a86970ec9b91e804118d2392532b35f2556
data/primary/TS_pancreas/handling_editor_round1_inputs/cluster_6_round1.json	62160	9bcdcaebf07dba1ceb8670a447eb0de99adaf19b9e1b0f7eafad1cdf4e350763
data/primary/TS_pancreas/handling_editor_round1_inputs/cluster_7_round1.json	60993	2555e6beca604f89c7e1b868cca806b8499e94a824e92f76edd481c64140c9fd
data/primary/TS_pancreas/handling_editor_round1_inputs/cluster_8_round1.json	58274	67ab48c27cca47eab0b60ab0e6edd23466e88cddd93b03e46b17b46ffddedd11
data/primary/TS_pancreas/handling_editor_round1_inputs/cluster_9_round1.json	59487	d9a297145e1e67e0a2376a256b14a1c2772ba0677e305831a16ca9ba1a3f0e34
data/primary/TS_pancreas/model_inputs/maskdeg.csv	54479	51dd6177448a9ba10a5f4d8233042a4ca90af992d2bb8e80f7e54d453cbc93ee
data/primary/Zheng_blood/evaluation/cluster_map.csv	485	9f17b462ccde4d8b2c3ecc6c659be02db239329b961362d922fc3e593fbc3ba7
data/primary/Zheng_blood/evaluation/reference_cl.tsv	989	3abe31d90bf0c9208cc59d8fc8cf3fd212d1714839a4316bd996d38ccb42a287
data/primary/Zheng_blood/evaluation/true_label.csv	417	d2be284e73e95c8f7096af69027433788759900b3704fc423cc4d43e2004d9b7
data/primary/Zheng_blood/final/cluster_1.json	4226	48df07a94f16d14569131f6ee45147b0e73884d407b701ddebbee3a6a4e419d7
data/primary/Zheng_blood/final/cluster_2.json	3794	d9c5cb2b2965d1e18cb5f1f985dd3cceed843fdcf9ec2c3c51706e50bbf0f772
data/primary/Zheng_blood/final/cluster_3.json	3602	f43884d2abe5fa911ce5ddee8787d8ac272869b5446eb035fc8a3d40190ae8aa
data/primary/Zheng_blood/final/cluster_4.json	4331	d7886ba7a4419c37da8c872ccbc696f9519db1bb0c1875ef92649870437cb3cf
data/primary/Zheng_blood/final/cluster_5.json	4995	49cbb91790b498a1bfe97830bc8dbe260e44904d4cb0570c899f2c93ea9fb5b0
data/primary/Zheng_blood/final/cluster_6.json	4786	cb26166f4519e924a20efe2bf181ce5ce4636c7f11a5cc0f9f4c16a71bb37e95
data/primary/Zheng_blood/final/cluster_7.json	4412	c90b30e53a0571a1fbd52606cbca8a359da9061a886dc9e9957bea9e4abf156f
data/primary/Zheng_blood/final/cluster_8.json	4822	0ad844e10ecccea3d20075bbc29c10bea47dd559f4025add898989beee41a569
data/primary/Zheng_blood/final/cluster_9.json	4242	60c76a3dcf12c55fd02150eaa0734be68d3d9adf6fe62d97727e80f2e3c63773
data/primary/Zheng_blood/handling_editor_round1_inputs/cluster_1_round1.json	74700	5533434832633e3d385651463aae39c0dd10abe384180688ed08319be4b1fc69
data/primary/Zheng_blood/handling_editor_round1_inputs/cluster_2_round1.json	64742	87a21526ed7cfe390456300c7a8d7a87a6969c08ddd0f14734b68dbdde6a7d74
data/primary/Zheng_blood/handling_editor_round1_inputs/cluster_3_round1.json	64618	f6e02dfdd5f768ef71bb661664ada474a87752e6466391f0659f0b3d3d112c2e
data/primary/Zheng_blood/handling_editor_round1_inputs/cluster_4_round1.json	68160	e5dbe62f4ec92ff62cccc7a4eeba4041e8ed7563e954c1834e8fd91f6db4d505
data/primary/Zheng_blood/handling_editor_round1_inputs/cluster_5_round1.json	72310	f27fe7547e170d007b0466b06bba1c1b2fc62e63ace84efbca9cffc2b286631f
data/primary/Zheng_blood/handling_editor_round1_inputs/cluster_6_round1.json	61137	e0e748599b238a11e581e2000c69bbedae6428bbcc016aed25bce7dc2d4ad886
data/primary/Zheng_blood/handling_editor_round1_inputs/cluster_7_round1.json	64314	2be9583b56c793a1289d8a12c81311af08273712cd2a090205b8360750e97d89
data/primary/Zheng_blood/handling_editor_round1_inputs/cluster_8_round1.json	64873	0246f0b9aa7c3604ecd006a8e5d1ffc69a55a099ca9ed73ef2cb1560149447a5
data/primary/Zheng_blood/handling_editor_round1_inputs/cluster_9_round1.json	67380	d2260439d4b5e0eb2be7008aac1e806de6b34a2402ee8bf8bd97deb9980feedc
data/primary/Zheng_blood/model_inputs/maskdeg.csv	34069	ad0d53ff216d8321832c0bf72e4cb701bb6332737dae5a5b22bd26952641ad5d
data/primary/handling_editor_round1_manifest.tsv	8919	d8c5beaafada4a7ba7d7c44f4a66fae102f42909c9ee8db889bf410d649640fb
data/primary/reviewer_mapping_registry.tsv	129210	f7d5383013a32dab3fdcf288680d28ef0f5cfeeeb4830d61579dbdd8b20cd92e
data/primary/selector_expected_tableS7.tsv	419	f3512a4ff0412f194faf330c250a9d21a10f4bf9e609b1d12ed97eadcbd2fddc
data/primary/selector_inputs.tsv	7667	4d656ae59580ec714aaa61733e12fd45b80649a50082a2c769505ca04279e856
data/release/primary_adjudication.jsonl	189780	6d9e23fd7beeb1a17bf29123581150d44db9f19ac993ee0445f23051dcd09038
data/release/validation_adjudication.jsonl	159061	e880e46e4d73f06bb9be4be98ef11d7ae2f7debc58c5833f3b37dfc60058a7bc
data/sensitivity/cellmarkerdb_additional_reviewer_by_dataset.tsv	1259	a5f30fcc7ec4f0bd64b9824efa7705bd020f99d0d55dc2285e7162f9820e359c
data/sensitivity/cellmarkerdb_additional_reviewer_summary.tsv	424	418274e0105f49ce65f44971a51c7eff5d9c85a1084d547931f7057b0cb03002
data/validation/Anderson_DLPFC/final/cluster_1.json	4454	66af4856dba773e535703de6342179601757b0ddb7c9c31005a23d9f6fced1fa
data/validation/Anderson_DLPFC/final/cluster_10.json	4595	a91122a5fdcb64e4b0115f204a146f5dd15b2d396e2dcd985d57ed3deb4ed123
data/validation/Anderson_DLPFC/final/cluster_11.json	4813	241d782dbb43a546182758417a3a99ac6cae7c73a25a603ee37ef9d5755f6f95
data/validation/Anderson_DLPFC/final/cluster_12.json	3776	56acbea87b0b7c1fcbab29bdba3f6decac8f4c1b74e8702e9f5d874ab5398d31
data/validation/Anderson_DLPFC/final/cluster_13.json	4524	b7a6fb97f5bb7cc587e565588d3d33afa399ce9c2edbba316f003dbc45abedc2
data/validation/Anderson_DLPFC/final/cluster_14.json	4980	c1c7d0b781a9cfd1b54a977311cb70797e7e66d77ac3181a406cc255918f5c82
data/validation/Anderson_DLPFC/final/cluster_15.json	4228	701d3847c1a9015a168f5dd52084540580ecb7c0bab0903715343ad52e4c30d8
data/validation/Anderson_DLPFC/final/cluster_16.json	4845	5894073957cfaa20287f22bda07d5df02cb4654ec81f564ab1d4aa833b879872
data/validation/Anderson_DLPFC/final/cluster_17.json	4020	96555122ec956bab8676a535a4094f72e451a91f3c7b4c0a8a1995506fd4dd0f
data/validation/Anderson_DLPFC/final/cluster_18.json	4706	f0002cabc9945d53f28ed7a563090f41a1b95964df3b85ac2a7dbedbd08bc6f2
data/validation/Anderson_DLPFC/final/cluster_2.json	4647	dfd958d987a2482a6f7973e6d50406b191eed47e951b696a4f46181f05ba45f1
data/validation/Anderson_DLPFC/final/cluster_3.json	5214	192964d436bd0da37b1c9bfcb21aaf125779b33a56ac10e2a769e9d5538805a3
data/validation/Anderson_DLPFC/final/cluster_4.json	4527	4abba0f2a52a7e128087e1a082673b8ccee5061fe485a5214f2ce3926d4f654b
data/validation/Anderson_DLPFC/final/cluster_5.json	3821	93656e1b6bf1c8606faefec9145706858339daae967fd61020f06ae3ebc5e41a
data/validation/Anderson_DLPFC/final/cluster_6.json	3894	eacf9db07fdbaeeab93c191a28b8bf1fa1b1291f7a34f6dd00c1b34b74d3967a
data/validation/Anderson_DLPFC/final/cluster_7.json	4543	bd25972b0eed35911e1430d9f9f29d3cb2c026363b542aae4d57a16b7e6ae2e7
data/validation/Anderson_DLPFC/final/cluster_8.json	4143	9d51b93ff4e44025a490ce1ad676f61ffb409705241131d736ec306c888bca77
data/validation/Anderson_DLPFC/final/cluster_9.json	4549	2bf7ef97b3f866d3976f14a4a4e74bb76307715e93a3de04e416b9216504683f
data/validation/S6K1_organoid/exclusions.tsv	231	aed72f1fbd4d212f2bd972235abe8332400ecb27c0e0873cf122487a67b1f585
data/validation/S6K1_organoid/final/cluster_1.json	4368	4c6727be060619b180df76765ffbe6e3d3b4ba7804f12bc641ed18b508d8d3ad
data/validation/S6K1_organoid/final/cluster_10.json	4435	9ed2f279f15710ec4a540753f32f4d4b1b8f8fc37988f85cf2e1a3b6ace125df
data/validation/S6K1_organoid/final/cluster_11.json	4342	4b4d95dac1fd1a5dc54c06d4a851bbdd64a9eb53a9ce2fa0075045db3cae729e
data/validation/S6K1_organoid/final/cluster_12.json	3941	6e630d865e2b52b564aec3653f65a0fd3672a20c5538b79b55376483514f5efd
data/validation/S6K1_organoid/final/cluster_13.json	4085	d633064d841dda9a10847689d1c6f69a22a386943a65009a7dd33001f194ce4b
data/validation/S6K1_organoid/final/cluster_14.json	4392	42647cddc7d2e38b18b3df3fce9094ccfe8d93bd7116b734f26e7b76085f400c
data/validation/S6K1_organoid/final/cluster_15.json	4557	c3127ce183430472f3c0d150cefb0e0de6abc39420011cb36fcf0ad3edd0680e
data/validation/S6K1_organoid/final/cluster_2.json	5021	f827e7e96497117037add3ec87455d2f902d73de02cd5685afd09229a655b494
data/validation/S6K1_organoid/final/cluster_3.json	4519	f9296b10ae2e7f0fe30e4cfdc69659232d565747b654085a961ddd494dd94815
data/validation/S6K1_organoid/final/cluster_4.json	4204	372a3e7d89d98874c0a4c9f3243839c3db0a36397bfefafaf668da5b8970a9c1
data/validation/S6K1_organoid/final/cluster_5.json	5142	3e24fcab3e9df5fa7da190b1c69fb60a9ec8fc031a582787b6ef97293f785bb7
data/validation/S6K1_organoid/final/cluster_6.json	4612	d54f210bdc70db82ebef1b53b64632a8abf44006f8079e14c8ebce38f8e1e92d
data/validation/S6K1_organoid/final/cluster_7.json	4122	ef443fd3e03b887b649ba5b0bb82b6dfe231fe0ae1c1c11a009726914715618a
data/validation/S6K1_organoid/final/cluster_8.json	4411	f336252c33755f4f88db8ee627211d38bd14ec4478a031bdfa5d1c5daa8a9082
data/validation/S6K1_organoid/final/cluster_9.json	4024	866c9fc3235a0b26357594ec7683491655e829daacd9e289383bc4c0d7ade0e1
data/validation/Zha_AD_mouse/final/cluster_1.json	4163	ef3ed941c5fa993ce50343bc22c4d20c700c392518a3171d86b627893d59a566
data/validation/Zha_AD_mouse/final/cluster_2.json	4463	b60bf1615712afaaf2302180777fb3bee78558878b14f01a8c3ff292035724a1
data/validation/Zha_AD_mouse/final/cluster_3.json	4205	0d0b0fa6fbdbe2509c9bc72a144355761190d958fda7fdf9abef3b7b06c29b0d
data/validation/Zha_AD_mouse/final/cluster_4.json	3683	e4eee3f0417f5503e8181502791a7343c3e07cb152e6184c8fc12e885f19c05b
data/validation/Zha_AD_mouse/final/cluster_5.json	4591	ca51dcb9af7fb252d0e5ff9f376379480807e88d5371242cd05e974829fe528c
data/validation/Zha_AD_mouse/final/cluster_6.json	5051	171cd30e7aa0a7131d86e91c5d21e3c2bc7c6d3cc59eb3988f248a8fc3cde8a0
data/validation/Zha_AD_mouse/final/cluster_7.json	4518	7e44fa21effc782fa76ae6f915a3aff12ae0c182d07ff0cf402f29baafb8118f
data/validation/Zha_AD_mouse/final/cluster_8.json	4017	d3838ad05e1cf1f672d915d97d8f1ebfc8394aa44a0e04e74e849559c2353fcb
data/validation/Zha_AD_mouse/final/cluster_9.json	5272	b968133638a1c3a1150ad16e0811d9760d10e950cfb3953d91defbf4154a42d5
docs/CELLMARKERDB_SENSITIVITY.md	2636	8204871fb07eeafe061e340617e0d603d0ae83baa2ac448e9cca93aec580386b
docs/CLEANUP_REVIEW_ITEMS.md	1778	89d739825397faa4743246dc2646b62128ccf29171e72c7bb3fe5fd4f687ea28
docs/CL_LINKER_EVALUATION.md	1926	8b1090a79678f4ca5788a708581fd006434c72c47052232097d01ce214df1e26
docs/DATA_LAYOUT.md	2351	47efc38d57af100a02d2c1983034a26462399ef2a8a85392363c92ce595f3619
docs/DEPENDENCIES.md	1129	49d76879f0516a4c350f1634b1cff66d1304c7b1dacf139d1705ee0e1712e820
docs/MASKED_VALUES.md	738	3fa5d1738340dfaf2f6b100a4157ee9f44c5134601041a989fb108d898a1265e
docs/MODEL_CONFIGURATION.md	1338	fcf5e470e5c4b47cd6f9722ccc73edab1a05b04e54825ef1669724a400576020
docs/PROVENANCE.md	491	97050cd4cb7ae1192ec26574bd5c3ac26d9f8becec51f7c83dc5357ee526c4b9
docs/REFERENCE_BOUNDARY.md	1616	81d9a4980095e91a416985d63e0ebba2fab607c3e8fd84a97c92d34b88922008
docs/RELEASE_SCOPE.md	1024	3f4d46852d9b34796f67479ad6f38a7ca32ddf56c4d8c0771ef985c8b522a921
docs/REPRODUCE_PRIMARY_ADJUDICATION.md	1860	0d7267b32f2de1aeeb966eb58145f1694a532c731a3fa277fbcfa8d56e4d2259
docs/SELECTOR_REPRODUCTION.md	1618	0a3640ba523e5006b6bfcbccfe4c48a385621ab3a87205dd2b82afe81cac13f2
inputs/raw/ontology/CL-ontology-v2025-07-30.json	1455986	2cb74a09d7f9bc9413e638f9263463b4e519f74808a1b8e9b622772ce0d3d3ea
lib/00_cl_linker.R	13594	4004a730978b502b792be13a6bfcfd30910a47963bb60b2f2a5cbb76b0e7a4aa
lib/00_cl_similarity.R	2756	f601c57da436b72e74cbc28495c6e8f357dd8872d02c3b5c196af4eec110aa92
lib/00_knowledge_base.R	6355	a5cab599c0265bef188634c8cdaff44e9b45499b27f71d1e5fbfdf2c1e0592e8
lib/00_utils.R	4078	133ef5df38e95d4051643f8136025184868c9b94f639ac75c02ac9ef83b3cde1
resources/CHECKSUMS.tsv	894	5f96ea648e3b3a0f1107b3458e7849f48ffd253f2162959a65d0473dfc4d6264
resources/README.md	1665	4fbee4b5e83dbee000373bc82fcf79f14f63e2100c4833648988ec859d14685e
resources/cellmarkerdb/CHECKSUMS.tsv	228	fa585114b6962edd4e5b251bfe3797db00b1bf40fad0649813d45a428333f465
resources/cellmarkerdb/README.md	1103	871d18cc21093c46900a7a46756ce6e49059e6f1ec3d57bc130b4a7067bed99c
scripts/analysis/evaluate_cl_linker.R	8241	e3e0ecbfc5a5192dc005365b8216149cb1ea1e28cf332950041dd3010991fedc
scripts/analysis/reproduce_selector_controls.R	9700	02747aeaffebe51a35593d5a20a3ed660072ebfb54225900146382617355376b
scripts/llm_run.R	116692	be383c35cb460bbfaf52414e0fcccb3e56fe9372abcaaee5486e8c94d0bd9ce6
scripts/pipeline/01a_prepare_deg.R	4193	4a93e2dd18dcbd8def36ba409e36482732ba54d29ee5eaeef3adb43f966a4162
scripts/pipeline/02a_build_true_label.R	2639	5ed7122d1a4ff8132482cc6af932180898f6f3503688d1c5ffd4d12cc09c6421
scripts/pipeline/02b_build_maskdeg.R	2172	41dae839d2c5e4db0e86f8e5161f38efc830bdda415b21e36767372c476002fa
scripts/pipeline/03a_filter_deg.R	1414	95d81a6468719c17a7629600f9493826a377fdbec472089b7659bd048a1612a9
scripts/pipeline/03b_run_cassia.R	3587	e6f98f76090b3c553b94178b7701db100d4fb2dd8dcb019db234eeb5d2983e3b
scripts/pipeline/04a_build_candidates.R	4527	5638521af1fcca64261eb9dd8fd458dba63bd85328eeba666881c6e1fc7ffe77
scripts/pipeline/05_prepare_llm_inputs.R	21035	d551c14afa547155cc0b3800e53bae90946ce3f9092b46c3079c2284c263f3fa
scripts/pipeline/06_run_llm_pipeline.R	78099	cfeaaa6a0cdc455dc837cc88cbc506136e0fdf2d7b4c42eca023637d3824c75c
scripts/pipeline/06b_run_inter.R	14531	ff0dcdb3c3fa66ac4625f2e4ae5ec3b0e14ef05bb36e9e3e47d1e8a7064fd71b
scripts/pipeline/07.5_build_reviewer_mapping.R	44451	79b0a2e38564c56f264cce1dfc1cee833fe2569e44ff73fa408ae1b7bd5d06b9
scripts/pipeline/07_our_llm_summary.R	11838	8dd950fbc5a32bfaa1a90292456e42b3c4065afdb95f5a285cb1b42893a09898
scripts/pipeline/07b_inter_summary.R	3399	73674e91b2b2601f99569e4a3d827b4cf0d979d3ecc1420e9840c11818bb2d23
scripts/pipeline/08_build_judge_inputs.R	67603	866ea710c2a91393e8f64f4c343bc03b467aef341b689c706330f83c046ff6bf
scripts/pipeline/09_run_judge.R	422934	68b29c8a51eca3ca1b8f790089631d4c8afaa4a4cc51d5685cb0a57c04934028
scripts/pipeline/10_judge_post_summary.R	7409	ad4f58af1612cc30f7ce07ba3bcb9f17758a7a76dc658ee30e9a6256bdd0a85a
scripts/pipeline/11_eval_accuracy.R	32906	3ba644535e5c95a13eba2fb443715a1dee08f39b604498470e687c66858f21eb
scripts/release/build_jsonl.R	938	a1bafe52ab98aa6dc07f632306c7660c6b610529337e95cc766a51017e6a3c6c
scripts/release/check_public_json_counts.R	818	fd11e243338c4a128444294fd5b16fdb937b0ce004586f936bf9abbb45def70e
scripts/release/validate_public_release.R	2871	2581715c89146c6cee6e0c315a1e9a383ba27003d89b2a42135f3f934297959e
scripts/run_pipeline.sh	9718	256d30c14b734195ad9c3a08a512514231f5b248c99a5a4a2cd7f563413634fe
scripts/sensitivity/cellmarkerdb/validate_cellmarkerdb_sensitivity_summary.R	2101	cba9c3b69bee2908d11c84c34a4147da8a9fa1aa1e22d0b9aaf4b8c7ea26559a
sessionInfo.txt	375	7880e8253d5943d7fd3676121f36b6468e56407cb5313e2ce819c20d42e4020a
