True Cell Type,Predicted Main Cell Type,Predicted Sub Cell Types,Possible Mixed Cell Types,Marker Number,Marker List,Iterations,Model,Provider,Tissue,Species,Additional Info,Conversation History,Score,Scoring_Reasoning,Merged_Grouping_1,Merged_Grouping_2,Merged_Grouping_3
cluster_1,Classical CD14⁺ monocyte (CD14⁺⁺ CD16⁻),"Classical CD14⁺ monocyte (CD14⁺⁺ CD16⁻), Intermediate CD14⁺ CD16⁺ monocyte, CD14⁺ inflammatory/activated monocyte-related state or non-classical CD14^lo CD16⁺ monocyte",,50,"S100A12, CDA, S100A8, RBP7, S100A9, CD14, SERPINA1, RETN, VCAN, G0S2, CXCL8, MAFB, CLEC7A, CSTA, THBS1, LYZ, FCN1, MNDA, LGALS2, CFD, PLAUR, MS4A6A, CSF3R, IFI30, CD302, SLC11A1, MGST1, KLF4, TNFSF13B, CD68, C19orf38, LST1, TYMP, LGALS1, CST3, TYROBP, SPI1, CYBB, CFP, STX11, NAMPT, CEBPD, S100A11, STXBP2, LGALS3, AIF1, TIMP1, PLSCR1, SCO2, GRN",1,deepseek-v4-flash,https://api.deepseek.com,blood,human,"species:
human
tissue:
blood
study_context:
healthy_immune
Goal: marker-based candidate cell type annotation at cluster/state level.","Final Annotation Agent: ## Step-by-Step Marker-Based Annotation ### 1. Key Functional Markers This marker list is dominated by genes encoding inflammatory, phagocytic, antigen-processing, and monocyte/macrophage-lineage functions. **Calgranulin / alarmin family (very high expression):** - **S100A12, S100A8, S100A9, S100A11** — S100A8/A9 form calprotectin; S100A12 is calgranulin-C. These are constitutively very highly expressed in CD14⁺ classical monocytes and neutrophils and act as endogenous danger-associated molecular patterns (DAMPs), triggering TLR4/RAGE-mediated inflammation. - Their extreme enrichment strongly favors a myeloid phagocyte, especially a classical monocyte. **Monocyte/macrophage lineage and myeloid transcription factors:** - **CD14** — GPI-anchored LPS co-receptor; canonical monocyte/macrophage marker, particularly high in classical CD14⁺ monocytes. - **MAFB, SPI1 (PU.1), KLF4, CEBPD** — key transcription factors controlling monocyte/macrophage differentiation, identity, and inflammatory polarization. - **MNDA** — myeloid nuclear differentiation antigen, expressed across monocyte/granulocyte lineage cells. - **CSF3R** — G-CSF receptor; expressed on myeloid progenitors, monocytes, and neutrophils; reinforces myeloid commitment. **Pattern recognition and phagocytosis:** - **FCN1 (ficolin-1)** — a canonical classical CD14⁺ monocyte marker and component of the lectin-complement pathway. - **CLEC7A (Dectin-1), CD302** — C-type lectin receptors involved in fungal recognition, endocytosis, and phagocytosis by myeloid cells. - **CD68** — lysosomal/endosomal glycoprotein often used as a macrophage/myeloid marker. - **SLC11A1 (NRAMP1)** — phagolysosomal metal transporter important for antimicrobial defense in monocytes/macrophages. **Effector and inflammatory functions:** - **LYZ** — lysozyme, highly expressed in myelomonocytic cells. - **CYBB** — NADPH oxidase component gp91⁽ᵖʰᵒˣ⁾; respiratory burst machinery of phagocytes. - **SERPINA1, TIMP1, THBS1, PLAUR, CFP, CFD, CXCL8, NAMPT, TNFSF13B, GRN, RETN, LGALS1/2/3** — together encode an inflammatory/protease-modulating/chemokine-related program consistent with activated or homeostatic classical monocytes. - **CXCL8 (IL-8)** and **NAMPT** point toward a mildly inflammatory/effector monocyte state. **Antigen processing and lysosomal function:** - **IFI30 (GILT), CST3, CSTA, TYROBP, LST1, AIF1, LGALS3, GRN** — expressed in professional phagocytes/APCs; IFI30 promotes MHC class II antigen processing. **Metabolic / housekeeping markers:** - **CDA, RBP7, TYMP, MGST1, SCO2** — several are highly expressed in monocyte-like clusters in blood scRNA-seq datasets; CDA and RBP7 are particularly associated with the classical CD14⁺ monocyte signature. --- ### 2. Key Cell Type Markers The list contains **no T-cell markers** (CD3D/E/G, TRAC, IL7R), **no B-cell markers** (CD79A, MS4A1), **no NK-cell markers** (NKG7, GNLY, KLRD1), **no plasma cell markers**, and **no erythroid/platelet markers** (HBB, PF4). Instead, the markers are overwhelmingly **myeloid**: - **CD14, FCN1, MNDA, MAFB, CSF3R, S100A8/9/12, VCAN, SERPINA1, RETN, CSTA, CDA, C19orf38, G0S2, RBP7** — a highly characteristic combination for **classical CD14⁺ blood monocytes**. - **FCN1** is especially informative: in human PBMC scRNA-seq references, it is a classic marker of the classical CD14⁺ monocyte subset. - **CD68, CLEC7A, CD302, SLC11A1, LGALS3, AIF1, GRN, CST3, TYROBP** also support the monocyte/macrophage axis rather than a pure dendritic cell identity. - The list lacks dendritic-cell-defining markers such as **CLEC9A, CD1C, FCER1A, CLEC4C**, and lacks CD16/FCGR3A, making a dendritic cell or CD16⁺ non-classical monocyte assignment much less likely. The general transcriptome profile is therefore that of a **mononuclear phagocyte**, and in peripheral blood this is most consistent with a **monocyte**, not a macrophage. --- ### 3. Cross-Reference with Known Databases This marker set matches canonical signatures from major human PBMC references, including CellTypist, Azimuth, and Human Cell Atlas-based annotations. In those references: - **“CD14+ monocytes / Classical monocytes / Monocyte_CD14”** clusters are defined by high expression of: - **S100A8, S100A9, S100A12** - **CD14, FCN1, MNDA, LYZ** - **VCAN, SERPINA1, RETN, CSTA** - **CSF3R, RBP7, C19orf38, CDA, G0S2** - **TYMP, S100A11, LGALS2, MS4A6A** Nearly every gene in the user’s ranked list belongs to this classical monocyte signature. Conversely, **non-classical CD16⁺ monocytes** typically up-regulate **FCGR3A, MS4A7, LILRA3**, and **CDKN1C**, none of which appear among the top markers. Dendritic cell clusters instead express CD1C/FCER1A/CLEC9A. Thus, the marker list aligns almost perfectly with a **classical CD14⁺ monocyte** identity. --- ### 4. Most Probable General Cell Type The general cell type is: **Monocyte / mononuclear phagocyte of the myeloid lineage.** Within peripheral blood, the most probable broad category is **classical CD14⁺ monocyte**, rather than neutrophil, dendritic cell, macrophage, or lymphocyte. --- ### 5. Top 3 Most Probable Sub Cell Types Ranked from most likely to least likely: 1. **Classical CD14⁺ monocyte (CD14⁺⁺ CD16⁻)** - Very high CD14, S100A12/A8/A9, FCN1, VCAN, SERPINA1, RETN, MNDA, CSF3R, CDA, RBP7, CSTA, C19orf38. - This is by far the best-supported annotation. 2. **Intermediate CD14⁺ CD16⁺ monocyte** - Intermediate monocytes co-express CD14 and much of the classical monocyte program. - However, FCGR3A/CD16 is not prominent in the provided top marker list, making this less likely than classical, but still more likely than non-classical if there is CD16⁺ contamination or a transitional state. 3. **CD14⁺ inflammatory/activated monocyte-related state** or **non-classical CD14^lo CD16⁺ monocyte** - Some genes such as IFI30, LST1, AIF1, TYROBP, PLSCR1 are also seen in the broader monocyte compartment, especially CD16⁺ monocytes. - But the dominant CD14/FCN1/S100A12/VCAN signal argues against a true non-classical CD16⁺ assignment. The **single most probable subtype** is therefore: **Classical CD14⁺ blood monocyte (CD14⁺⁺ CD16⁻), FCN1⁺ S100A12⁺ CDA⁺ inflammatory/classical monocyte state.** --- ### 6. Concise Summary This cluster is a **myeloid mononuclear phagocyte**, specifically a **classical CD14⁺ blood monocyte**. The top-ranked expression of S100A12, S100A8, S100A9, CD14, FCN1, VCAN, SERPINA1, RETN, MNDA, CSF3R, CDA, RBP7, and C19orf38 is a near-textbook signature for CD14⁺ classical monocytes in human blood. The absence of lymphoid, dendritic-cell, CD16⁺-monocyte, and mature neutrophil-specific markers makes any alternative cell type less likely. **Final annotation: Classical CD14⁺ monocyte (CD14⁺⁺ CD16⁻; FCN1⁺ S100A12⁺ classical blood monocyte).** FINAL ANNOTATION COMPLETED | Coupling Validator: Validation result: VALIDATION PASSED | Formatting Agent: ```json { ""main_cell_type"": ""Classical CD14⁺ monocyte (CD14⁺⁺ CD16⁻)"", ""sub_cell_types"": [ ""Classical CD14⁺ monocyte (CD14⁺⁺ CD16⁻)"", ""Intermediate CD14⁺ CD16⁺ monocyte"", ""CD14⁺ inflammatory/activated monocyte-related state or non-classical CD14^lo CD16⁺ monocyte"" ], ""possible_mixed_cell_types"": [] } ```",95,"The annotation is highly accurate and scientifically well supported. The marker list is overwhelmingly consistent with a classical CD14⁺ monocyte identity in human blood. Key markers such as S100A12, S100A8, S100A9, CD14, FCN1, VCAN, SERPINA1, RETN, MNDA, CSF3R, CDA, RBP7, and C19orf38 together represent a well-established classical monocyte signature.

Strengths of the evaluation:
- It correctly prioritizes the most likely cell type rather than over-interpreting a single marker.
- It demonstrates balanced use of many markers across functional categories: alarmins/S100 proteins, CD14, pattern-recognition receptors, phagocytosis-related genes, transcription factors, and inflammatory mediators.
- It considers negative evidence, such as the absence of T-cell, B-cell, NK-cell, dendritic-cell, and erythroid/platelet markers.
- It distinguishes classical CD14⁺ monocytes from CD16⁺ non-classical monocytes and dendritic cells, which is important because those cell types share some myeloid markers.
- It appropriately accounts for the human blood tissue origin and avoids making an unsupported tissue-resident macrophage claim.
- It references known PBMC reference atlases and standard annotation schemas, strengthening the biological plausibility.

Minor limitations:
- The sub-cell-type list includes some less strongly supported alternatives, such as intermediate CD14⁺CD16⁺ monocytes, despite the lack of FCGR3A/CD16 in the marker list. However, these are presented as lower-probability options and do not undermine the main conclusion.
- The main annotation and the first sub-cell-type entry are essentially the same, which is somewhat redundant, but this appears to be a formatting issue rather than an interpretative one.
- The reasoning is detailed and sometimes expansive, but it remains focused and ultimately correctly synthesizes the overall picture.

Overall, the annotation captures the general biology of the cluster very well and reaches the correct conclusion with strong supporting evidence.",Myeloid cells,Monocytes,Classical CD14+ monocytes (CD14++ CD16-)
